tempo_sk,data,ano,mes,nome_mes,trimestre,dia,dia_semana
1,2016-09-04,2016,9,Setembro,3,4,Domingo
2,2016-09-05,2016,9,Setembro,3,5,Segunda-feira
3,2016-09-13,2016,9,Setembro,3,13,Terça-feira
4,2016-09-15,2016,9,Setembro,3,15,Quinta-feira
5,2016-10-02,2016,10,Outubro,4,2,Domingo
6,2016-10-03,2016,10,Outubro,4,3,Segunda-feira
7,2016-10-04,2016,10,Outubro,4,4,Terça-feira
8,2016-10-05,2016,10,Outubro,4,5,Quarta-feira
9,2016-10-06,2016,10,Outubro,4,6,Quinta-feira
10,2016-10-07,2016,10,Outubro,4,7,Sexta-feira
11,2016-10-08,2016,10,Outubro,4,8,Sábado
12,2016-10-09,2016,10,Outubro,4,9,Domingo
13,2016-10-10,2016,10,Outubro,4,10,Segunda-feira
14,2016-10-22,2016,10,Outubro,4,22,Sábado
15,2016-12-23,2016,12,Dezembro,4,23,Sexta-feira
16,2017-01-05,2017,1,Janeiro,1,5,Quinta-feira
17,2017-01-06,2017,1,Janeiro,1,6,Sexta-feira
18,2017-01-07,2017,1,Janeiro,1,7,Sábado
19,2017-01-08,2017,1,Janeiro,1,8,Domingo
20,2017-01-09,2017,1,Janeiro,1,9,Segunda-feira
21,2017-01-10,2017,1,Janeiro,1,10,Terça-feira
22,2017-01-11,2017,1,Janeiro,1,11,Quarta-feira
23,2017-01-12,2017,1,Janeiro,1,12,Quinta-feira
24,2017-01-13,2017,1,Janeiro,1,13,Sexta-feira
25,2017-01-14,2017,1,Janeiro,1,14,Sábado
26,2017-01-15,2017,1,Janeiro,1,15,Domingo
27,2017-01-16,2017,1,Janeiro,1,16,Segunda-feira
28,2017-01-17,2017,1,Janeiro,1,17,Terça-feira
29,2017-01-18,2017,1,Janeiro,1,18,Quarta-feira
30,2017-01-19,2017,1,Janeiro,1,19,Quinta-feira
31,2017-01-20,2017,1,Janeiro,1,20,Sexta-feira
32,2017-01-21,2017,1,Janeiro,1,21,Sábado
33,2017-01-22,2017,1,Janeiro,1,22,Domingo
34,2017-01-23,2017,1,Janeiro,1,23,Segunda-feira
35,2017-01-24,2017,1,Janeiro,1,24,Terça-feira
36,2017-01-25,2017,1,Janeiro,1,25,Quarta-feira
37,2017-01-26,2017,1,Janeiro,1,26,Quinta-feira
38,2017-01-27,2017,1,Janeiro,1,27,Sexta-feira
39,2017-01-28,2017,1,Janeiro,1,28,Sábado
40,2017-01-29,2017,1,Janeiro,1,29,Domingo
41,2017-01-30,2017,1,Janeiro,1,30,Segunda-feira
42,2017-01-31,2017,1,Janeiro,1,31,Terça-feira
43,2017-02-01,2017,2,Fevereiro,1,1,Quarta-feira
44,2017-02-02,2017,2,Fevereiro,1,2,Quinta-feira
45,2017-02-03,2017,2,Fevereiro,1,3,Sexta-feira
46,2017-02-04,2017,2,Fevereiro,1,4,Sábado
47,2017-02-05,2017,2,Fevereiro,1,5,Domingo
48,2017-02-06,2017,2,Fevereiro,1,6,Segunda-feira
49,2017-02-07,2017,2,Fevereiro,1,7,Terça-feira
50,2017-02-08,2017,2,Fevereiro,1,8,Quarta-feira
51,2017-02-09,2017,2,Fevereiro,1,9,Quinta-feira
52,2017-02-10,2017,2,Fevereiro,1,10,Sexta-feira
53,2017-02-11,2017,2,Fevereiro,1,11,Sábado
54,2017-02-12,2017,2,Fevereiro,1,12,Domingo
55,2017-02-13,2017,2,Fevereiro,1,13,Segunda-feira
56,2017-02-14,2017,2,Fevereiro,1,14,Terça-feira
57,2017-02-15,2017,2,Fevereiro,1,15,Quarta-feira
58,2017-02-16,2017,2,Fevereiro,1,16,Quinta-feira
59,2017-02-17,2017,2,Fevereiro,1,17,Sexta-feira
60,2017-02-18,2017,2,Fevereiro,1,18,Sábado
61,2017-02-19,2017,2,Fevereiro,1,19,Domingo
62,2017-02-20,2017,2,Fevereiro,1,20,Segunda-feira
63,2017-02-21,2017,2,Fevereiro,1,21,Terça-feira
64,2017-02-22,2017,2,Fevereiro,1,22,Quarta-feira
65,2017-02-23,2017,2,Fevereiro,1,23,Quinta-feira
66,2017-02-24,2017,2,Fevereiro,1,24,Sexta-feira
67,2017-02-25,2017,2,Fevereiro,1,25,Sábado
68,2017-02-26,2017,2,Fevereiro,1,26,Domingo
69,2017-02-27,2017,2,Fevereiro,1,27,Segunda-feira
70,2017-02-28,2017,2,Fevereiro,1,28,Terça-feira
71,2017-03-01,2017,3,Março,1,1,Quarta-feira
72,2017-03-02,2017,3,Março,1,2,Quinta-feira
73,2017-03-03,2017,3,Março,1,3,Sexta-feira
74,2017-03-04,2017,3,Março,1,4,Sábado
75,2017-03-05,2017,3,Março,1,5,Domingo
76,2017-03-06,2017,3,Março,1,6,Segunda-feira
77,2017-03-07,2017,3,Março,1,7,Terça-feira
78,2017-03-08,2017,3,Março,1,8,Quarta-feira
79,2017-03-09,2017,3,Março,1,9,Quinta-feira
80,2017-03-10,2017,3,Março,1,10,Sexta-feira
81,2017-03-11,2017,3,Março,1,11,Sábado
82,2017-03-12,2017,3,Março,1,12,Domingo
83,2017-03-13,2017,3,Março,1,13,Segunda-feira
84,2017-03-14,2017,3,Março,1,14,Terça-feira
85,2017-03-15,2017,3,Março,1,15,Quarta-feira
86,2017-03-16,2017,3,Março,1,16,Quinta-feira
87,2017-03-17,2017,3,Março,1,17,Sexta-feira
88,2017-03-18,2017,3,Março,1,18,Sábado
89,2017-03-19,2017,3,Março,1,19,Domingo
90,2017-03-20,2017,3,Março,1,20,Segunda-feira
91,2017-03-21,2017,3,Março,1,21,Terça-feira
92,2017-03-22,2017,3,Março,1,22,Quarta-feira
93,2017-03-23,2017,3,Março,1,23,Quinta-feira
94,2017-03-24,2017,3,Março,1,24,Sexta-feira
95,2017-03-25,2017,3,Março,1,25,Sábado
96,2017-03-26,2017,3,Março,1,26,Domingo
97,2017-03-27,2017,3,Março,1,27,Segunda-feira
98,2017-03-28,2017,3,Março,1,28,Terça-feira
99,2017-03-29,2017,3,Março,1,29,Quarta-feira
100,2017-03-30,2017,3,Março,1,30,Quinta-feira
101,2017-03-31,2017,3,Março,1,31,Sexta-feira
102,2017-04-01,2017,4,Abril,2,1,Sábado
103,2017-04-02,2017,4,Abril,2,2,Domingo
104,2017-04-03,2017,4,Abril,2,3,Segunda-feira
105,2017-04-04,2017,4,Abril,2,4,Terça-feira
106,2017-04-05,2017,4,Abril,2,5,Quarta-feira
107,2017-04-06,2017,4,Abril,2,6,Quinta-feira
108,2017-04-07,2017,4,Abril,2,7,Sexta-feira
109,2017-04-08,2017,4,Abril,2,8,Sábado
110,2017-04-09,2017,4,Abril,2,9,Domingo
111,2017-04-10,2017,4,Abril,2,10,Segunda-feira
112,2017-04-11,2017,4,Abril,2,11,Terça-feira
113,2017-04-12,2017,4,Abril,2,12,Quarta-feira
114,2017-04-13,2017,4,Abril,2,13,Quinta-feira
115,2017-04-14,2017,4,Abril,2,14,Sexta-feira
116,2017-04-15,2017,4,Abril,2,15,Sábado
117,2017-04-16,2017,4,Abril,2,16,Domingo
118,2017-04-17,2017,4,Abril,2,17,Segunda-feira
119,2017-04-18,2017,4,Abril,2,18,Terça-feira
120,2017-04-19,2017,4,Abril,2,19,Quarta-feira
121,2017-04-20,2017,4,Abril,2,20,Quinta-feira
122,2017-04-21,2017,4,Abril,2,21,Sexta-feira
123,2017-04-22,2017,4,Abril,2,22,Sábado
124,2017-04-23,2017,4,Abril,2,23,Domingo
125,2017-04-24,2017,4,Abril,2,24,Segunda-feira
126,2017-04-25,2017,4,Abril,2,25,Terça-feira
127,2017-04-26,2017,4,Abril,2,26,Quarta-feira
128,2017-04-27,2017,4,Abril,2,27,Quinta-feira
129,2017-04-28,2017,4,Abril,2,28,Sexta-feira
130,2017-04-29,2017,4,Abril,2,29,Sábado
131,2017-04-30,2017,4,Abril,2,30,Domingo
132,2017-05-01,2017,5,Maio,2,1,Segunda-feira
133,2017-05-02,2017,5,Maio,2,2,Terça-feira
134,2017-05-03,2017,5,Maio,2,3,Quarta-feira
135,2017-05-04,2017,5,Maio,2,4,Quinta-feira
136,2017-05-05,2017,5,Maio,2,5,Sexta-feira
137,2017-05-06,2017,5,Maio,2,6,Sábado
138,2017-05-07,2017,5,Maio,2,7,Domingo
139,2017-05-08,2017,5,Maio,2,8,Segunda-feira
140,2017-05-09,2017,5,Maio,2,9,Terça-feira
141,2017-05-10,2017,5,Maio,2,10,Quarta-feira
142,2017-05-11,2017,5,Maio,2,11,Quinta-feira
143,2017-05-12,2017,5,Maio,2,12,Sexta-feira
144,2017-05-13,2017,5,Maio,2,13,Sábado
145,2017-05-14,2017,5,Maio,2,14,Domingo
146,2017-05-15,2017,5,Maio,2,15,Segunda-feira
147,2017-05-16,2017,5,Maio,2,16,Terça-feira
148,2017-05-17,2017,5,Maio,2,17,Quarta-feira
149,2017-05-18,2017,5,Maio,2,18,Quinta-feira
150,2017-05-19,2017,5,Maio,2,19,Sexta-feira
151,2017-05-20,2017,5,Maio,2,20,Sábado
152,2017-05-21,2017,5,Maio,2,21,Domingo
153,2017-05-22,2017,5,Maio,2,22,Segunda-feira
154,2017-05-23,2017,5,Maio,2,23,Terça-feira
155,2017-05-24,2017,5,Maio,2,24,Quarta-feira
156,2017-05-25,2017,5,Maio,2,25,Quinta-feira
157,2017-05-26,2017,5,Maio,2,26,Sexta-feira
158,2017-05-27,2017,5,Maio,2,27,Sábado
159,2017-05-28,2017,5,Maio,2,28,Domingo
160,2017-05-29,2017,5,Maio,2,29,Segunda-feira
161,2017-05-30,2017,5,Maio,2,30,Terça-feira
162,2017-05-31,2017,5,Maio,2,31,Quarta-feira
163,2017-06-01,2017,6,Junho,2,1,Quinta-feira
164,2017-06-02,2017,6,Junho,2,2,Sexta-feira
165,2017-06-03,2017,6,Junho,2,3,Sábado
166,2017-06-04,2017,6,Junho,2,4,Domingo
167,2017-06-05,2017,6,Junho,2,5,Segunda-feira
168,2017-06-06,2017,6,Junho,2,6,Terça-feira
169,2017-06-07,2017,6,Junho,2,7,Quarta-feira
170,2017-06-08,2017,6,Junho,2,8,Quinta-feira
171,2017-06-09,2017,6,Junho,2,9,Sexta-feira
172,2017-06-10,2017,6,Junho,2,10,Sábado
173,2017-06-11,2017,6,Junho,2,11,Domingo
174,2017-06-12,2017,6,Junho,2,12,Segunda-feira
175,2017-06-13,2017,6,Junho,2,13,Terça-feira
176,2017-06-14,2017,6,Junho,2,14,Quarta-feira
177,2017-06-15,2017,6,Junho,2,15,Quinta-feira
178,2017-06-16,2017,6,Junho,2,16,Sexta-feira
179,2017-06-17,2017,6,Junho,2,17,Sábado
180,2017-06-18,2017,6,Junho,2,18,Domingo
181,2017-06-19,2017,6,Junho,2,19,Segunda-feira
182,2017-06-20,2017,6,Junho,2,20,Terça-feira
183,2017-06-21,2017,6,Junho,2,21,Quarta-feira
184,2017-06-22,2017,6,Junho,2,22,Quinta-feira
185,2017-06-23,2017,6,Junho,2,23,Sexta-feira
186,2017-06-24,2017,6,Junho,2,24,Sábado
187,2017-06-25,2017,6,Junho,2,25,Domingo
188,2017-06-26,2017,6,Junho,2,26,Segunda-feira
189,2017-06-27,2017,6,Junho,2,27,Terça-feira
190,2017-06-28,2017,6,Junho,2,28,Quarta-feira
191,2017-06-29,2017,6,Junho,2,29,Quinta-feira
192,2017-06-30,2017,6,Junho,2,30,Sexta-feira
193,2017-07-01,2017,7,Julho,3,1,Sábado
194,2017-07-02,2017,7,Julho,3,2,Domingo
195,2017-07-03,2017,7,Julho,3,3,Segunda-feira
196,2017-07-04,2017,7,Julho,3,4,Terça-feira
197,2017-07-05,2017,7,Julho,3,5,Quarta-feira
198,2017-07-06,2017,7,Julho,3,6,Quinta-feira
199,2017-07-07,2017,7,Julho,3,7,Sexta-feira
200,2017-07-08,2017,7,Julho,3,8,Sábado
201,2017-07-09,2017,7,Julho,3,9,Domingo
202,2017-07-10,2017,7,Julho,3,10,Segunda-feira
203,2017-07-11,2017,7,Julho,3,11,Terça-feira
204,2017-07-12,2017,7,Julho,3,12,Quarta-feira
205,2017-07-13,2017,7,Julho,3,13,Quinta-feira
206,2017-07-14,2017,7,Julho,3,14,Sexta-feira
207,2017-07-15,2017,7,Julho,3,15,Sábado
208,2017-07-16,2017,7,Julho,3,16,Domingo
209,2017-07-17,2017,7,Julho,3,17,Segunda-feira
210,2017-07-18,2017,7,Julho,3,18,Terça-feira
211,2017-07-19,2017,7,Julho,3,19,Quarta-feira
212,2017-07-20,2017,7,Julho,3,20,Quinta-feira
213,2017-07-21,2017,7,Julho,3,21,Sexta-feira
214,2017-07-22,2017,7,Julho,3,22,Sábado
215,2017-07-23,2017,7,Julho,3,23,Domingo
216,2017-07-24,2017,7,Julho,3,24,Segunda-feira
217,2017-07-25,2017,7,Julho,3,25,Terça-feira
218,2017-07-26,2017,7,Julho,3,26,Quarta-feira
219,2017-07-27,2017,7,Julho,3,27,Quinta-feira
220,2017-07-28,2017,7,Julho,3,28,Sexta-feira
221,2017-07-29,2017,7,Julho,3,29,Sábado
222,2017-07-30,2017,7,Julho,3,30,Domingo
223,2017-07-31,2017,7,Julho,3,31,Segunda-feira
224,2017-08-01,2017,8,Agosto,3,1,Terça-feira
225,2017-08-02,2017,8,Agosto,3,2,Quarta-feira
226,2017-08-03,2017,8,Agosto,3,3,Quinta-feira
227,2017-08-04,2017,8,Agosto,3,4,Sexta-feira
228,2017-08-05,2017,8,Agosto,3,5,Sábado
229,2017-08-06,2017,8,Agosto,3,6,Domingo
230,2017-08-07,2017,8,Agosto,3,7,Segunda-feira
231,2017-08-08,2017,8,Agosto,3,8,Terça-feira
232,2017-08-09,2017,8,Agosto,3,9,Quarta-feira
233,2017-08-10,2017,8,Agosto,3,10,Quinta-feira
234,2017-08-11,2017,8,Agosto,3,11,Sexta-feira
235,2017-08-12,2017,8,Agosto,3,12,Sábado
236,2017-08-13,2017,8,Agosto,3,13,Domingo
237,2017-08-14,2017,8,Agosto,3,14,Segunda-feira
238,2017-08-15,2017,8,Agosto,3,15,Terça-feira
239,2017-08-16,2017,8,Agosto,3,16,Quarta-feira
240,2017-08-17,2017,8,Agosto,3,17,Quinta-feira
241,2017-08-18,2017,8,Agosto,3,18,Sexta-feira
242,2017-08-19,2017,8,Agosto,3,19,Sábado
243,2017-08-20,2017,8,Agosto,3,20,Domingo
244,2017-08-21,2017,8,Agosto,3,21,Segunda-feira
245,2017-08-22,2017,8,Agosto,3,22,Terça-feira
246,2017-08-23,2017,8,Agosto,3,23,Quarta-feira
247,2017-08-24,2017,8,Agosto,3,24,Quinta-feira
248,2017-08-25,2017,8,Agosto,3,25,Sexta-feira
249,2017-08-26,2017,8,Agosto,3,26,Sábado
250,2017-08-27,2017,8,Agosto,3,27,Domingo
251,2017-08-28,2017,8,Agosto,3,28,Segunda-feira
252,2017-08-29,2017,8,Agosto,3,29,Terça-feira
253,2017-08-30,2017,8,Agosto,3,30,Quarta-feira
254,2017-08-31,2017,8,Agosto,3,31,Quinta-feira
255,2017-09-01,2017,9,Setembro,3,1,Sexta-feira
256,2017-09-02,2017,9,Setembro,3,2,Sábado
257,2017-09-03,2017,9,Setembro,3,3,Domingo
258,2017-09-04,2017,9,Setembro,3,4,Segunda-feira
259,2017-09-05,2017,9,Setembro,3,5,Terça-feira
260,2017-09-06,2017,9,Setembro,3,6,Quarta-feira
261,2017-09-07,2017,9,Setembro,3,7,Quinta-feira
262,2017-09-08,2017,9,Setembro,3,8,Sexta-feira
263,2017-09-09,2017,9,Setembro,3,9,Sábado
264,2017-09-10,2017,9,Setembro,3,10,Domingo
265,2017-09-11,2017,9,Setembro,3,11,Segunda-feira
266,2017-09-12,2017,9,Setembro,3,12,Terça-feira
267,2017-09-13,2017,9,Setembro,3,13,Quarta-feira
268,2017-09-14,2017,9,Setembro,3,14,Quinta-feira
269,2017-09-15,2017,9,Setembro,3,15,Sexta-feira
270,2017-09-16,2017,9,Setembro,3,16,Sábado
271,2017-09-17,2017,9,Setembro,3,17,Domingo
272,2017-09-18,2017,9,Setembro,3,18,Segunda-feira
273,2017-09-19,2017,9,Setembro,3,19,Terça-feira
274,2017-09-20,2017,9,Setembro,3,20,Quarta-feira
275,2017-09-21,2017,9,Setembro,3,21,Quinta-feira
276,2017-09-22,2017,9,Setembro,3,22,Sexta-feira
277,2017-09-23,2017,9,Setembro,3,23,Sábado
278,2017-09-24,2017,9,Setembro,3,24,Domingo
279,2017-09-25,2017,9,Setembro,3,25,Segunda-feira
280,2017-09-26,2017,9,Setembro,3,26,Terça-feira
281,2017-09-27,2017,9,Setembro,3,27,Quarta-feira
282,2017-09-28,2017,9,Setembro,3,28,Quinta-feira
283,2017-09-29,2017,9,Setembro,3,29,Sexta-feira
284,2017-09-30,2017,9,Setembro,3,30,Sábado
285,2017-10-01,2017,10,Outubro,4,1,Domingo
286,2017-10-02,2017,10,Outubro,4,2,Segunda-feira
287,2017-10-03,2017,10,Outubro,4,3,Terça-feira
288,2017-10-04,2017,10,Outubro,4,4,Quarta-feira
289,2017-10-05,2017,10,Outubro,4,5,Quinta-feira
290,2017-10-06,2017,10,Outubro,4,6,Sexta-feira
291,2017-10-07,2017,10,Outubro,4,7,Sábado
292,2017-10-08,2017,10,Outubro,4,8,Domingo
293,2017-10-09,2017,10,Outubro,4,9,Segunda-feira
294,2017-10-10,2017,10,Outubro,4,10,Terça-feira
295,2017-10-11,2017,10,Outubro,4,11,Quarta-feira
296,2017-10-12,2017,10,Outubro,4,12,Quinta-feira
297,2017-10-13,2017,10,Outubro,4,13,Sexta-feira
298,2017-10-14,2017,10,Outubro,4,14,Sábado
299,2017-10-15,2017,10,Outubro,4,15,Domingo
300,2017-10-16,2017,10,Outubro,4,16,Segunda-feira
301,2017-10-17,2017,10,Outubro,4,17,Terça-feira
302,2017-10-18,2017,10,Outubro,4,18,Quarta-feira
303,2017-10-19,2017,10,Outubro,4,19,Quinta-feira
304,2017-10-20,2017,10,Outubro,4,20,Sexta-feira
305,2017-10-21,2017,10,Outubro,4,21,Sábado
306,2017-10-22,2017,10,Outubro,4,22,Domingo
307,2017-10-23,2017,10,Outubro,4,23,Segunda-feira
308,2017-10-24,2017,10,Outubro,4,24,Terça-feira
309,2017-10-25,2017,10,Outubro,4,25,Quarta-feira
310,2017-10-26,2017,10,Outubro,4,26,Quinta-feira
311,2017-10-27,2017,10,Outubro,4,27,Sexta-feira
312,2017-10-28,2017,10,Outubro,4,28,Sábado
313,2017-10-29,2017,10,Outubro,4,29,Domingo
314,2017-10-30,2017,10,Outubro,4,30,Segunda-feira
315,2017-10-31,2017,10,Outubro,4,31,Terça-feira
316,2017-11-01,2017,11,Novembro,4,1,Quarta-feira
317,2017-11-02,2017,11,Novembro,4,2,Quinta-feira
318,2017-11-03,2017,11,Novembro,4,3,Sexta-feira
319,2017-11-04,2017,11,Novembro,4,4,Sábado
320,2017-11-05,2017,11,Novembro,4,5,Domingo
321,2017-11-06,2017,11,Novembro,4,6,Segunda-feira
322,2017-11-07,2017,11,Novembro,4,7,Terça-feira
323,2017-11-08,2017,11,Novembro,4,8,Quarta-feira
324,2017-11-09,2017,11,Novembro,4,9,Quinta-feira
325,2017-11-10,2017,11,Novembro,4,10,Sexta-feira
326,2017-11-11,2017,11,Novembro,4,11,Sábado
327,2017-11-12,2017,11,Novembro,4,12,Domingo
328,2017-11-13,2017,11,Novembro,4,13,Segunda-feira
329,2017-11-14,2017,11,Novembro,4,14,Terça-feira
330,2017-11-15,2017,11,Novembro,4,15,Quarta-feira
331,2017-11-16,2017,11,Novembro,4,16,Quinta-feira
332,2017-11-17,2017,11,Novembro,4,17,Sexta-feira
333,2017-11-18,2017,11,Novembro,4,18,Sábado
334,2017-11-19,2017,11,Novembro,4,19,Domingo
335,2017-11-20,2017,11,Novembro,4,20,Segunda-feira
336,2017-11-21,2017,11,Novembro,4,21,Terça-feira
337,2017-11-22,2017,11,Novembro,4,22,Quarta-feira
338,2017-11-23,2017,11,Novembro,4,23,Quinta-feira
339,2017-11-24,2017,11,Novembro,4,24,Sexta-feira
340,2017-11-25,2017,11,Novembro,4,25,Sábado
341,2017-11-26,2017,11,Novembro,4,26,Domingo
342,2017-11-27,2017,11,Novembro,4,27,Segunda-feira
343,2017-11-28,2017,11,Novembro,4,28,Terça-feira
344,2017-11-29,2017,11,Novembro,4,29,Quarta-feira
345,2017-11-30,2017,11,Novembro,4,30,Quinta-feira
346,2017-12-01,2017,12,Dezembro,4,1,Sexta-feira
347,2017-12-02,2017,12,Dezembro,4,2,Sábado
348,2017-12-03,2017,12,Dezembro,4,3,Domingo
349,2017-12-04,2017,12,Dezembro,4,4,Segunda-feira
350,2017-12-05,2017,12,Dezembro,4,5,Terça-feira
351,2017-12-06,2017,12,Dezembro,4,6,Quarta-feira
352,2017-12-07,2017,12,Dezembro,4,7,Quinta-feira
353,2017-12-08,2017,12,Dezembro,4,8,Sexta-feira
354,2017-12-09,2017,12,Dezembro,4,9,Sábado
355,2017-12-10,2017,12,Dezembro,4,10,Domingo
356,2017-12-11,2017,12,Dezembro,4,11,Segunda-feira
357,2017-12-12,2017,12,Dezembro,4,12,Terça-feira
358,2017-12-13,2017,12,Dezembro,4,13,Quarta-feira
359,2017-12-14,2017,12,Dezembro,4,14,Quinta-feira
360,2017-12-15,2017,12,Dezembro,4,15,Sexta-feira
361,2017-12-16,2017,12,Dezembro,4,16,Sábado
362,2017-12-17,2017,12,Dezembro,4,17,Domingo
363,2017-12-18,2017,12,Dezembro,4,18,Segunda-feira
364,2017-12-19,2017,12,Dezembro,4,19,Terça-feira
365,2017-12-20,2017,12,Dezembro,4,20,Quarta-feira
366,2017-12-21,2017,12,Dezembro,4,21,Quinta-feira
367,2017-12-22,2017,12,Dezembro,4,22,Sexta-feira
368,2017-12-23,2017,12,Dezembro,4,23,Sábado
369,2017-12-24,2017,12,Dezembro,4,24,Domingo
370,2017-12-25,2017,12,Dezembro,4,25,Segunda-feira
371,2017-12-26,2017,12,Dezembro,4,26,Terça-feira
372,2017-12-27,2017,12,Dezembro,4,27,Quarta-feira
373,2017-12-28,2017,12,Dezembro,4,28,Quinta-feira
374,2017-12-29,2017,12,Dezembro,4,29,Sexta-feira
375,2017-12-30,2017,12,Dezembro,4,30,Sábado
376,2017-12-31,2017,12,Dezembro,4,31,Domingo
377,2018-01-01,2018,1,Janeiro,1,1,Segunda-feira
378,2018-01-02,2018,1,Janeiro,1,2,Terça-feira
379,2018-01-03,2018,1,Janeiro,1,3,Quarta-feira
380,2018-01-04,2018,1,Janeiro,1,4,Quinta-feira
381,2018-01-05,2018,1,Janeiro,1,5,Sexta-feira
382,2018-01-06,2018,1,Janeiro,1,6,Sábado
383,2018-01-07,2018,1,Janeiro,1,7,Domingo
384,2018-01-08,2018,1,Janeiro,1,8,Segunda-feira
385,2018-01-09,2018,1,Janeiro,1,9,Terça-feira
386,2018-01-10,2018,1,Janeiro,1,10,Quarta-feira
387,2018-01-11,2018,1,Janeiro,1,11,Quinta-feira
388,2018-01-12,2018,1,Janeiro,1,12,Sexta-feira
389,2018-01-13,2018,1,Janeiro,1,13,Sábado
390,2018-01-14,2018,1,Janeiro,1,14,Domingo
391,2018-01-15,2018,1,Janeiro,1,15,Segunda-feira
392,2018-01-16,2018,1,Janeiro,1,16,Terça-feira
393,2018-01-17,2018,1,Janeiro,1,17,Quarta-feira
394,2018-01-18,2018,1,Janeiro,1,18,Quinta-feira
395,2018-01-19,2018,1,Janeiro,1,19,Sexta-feira
396,2018-01-20,2018,1,Janeiro,1,20,Sábado
397,2018-01-21,2018,1,Janeiro,1,21,Domingo
398,2018-01-22,2018,1,Janeiro,1,22,Segunda-feira
399,2018-01-23,2018,1,Janeiro,1,23,Terça-feira
400,2018-01-24,2018,1,Janeiro,1,24,Quarta-feira
401,2018-01-25,2018,1,Janeiro,1,25,Quinta-feira
402,2018-01-26,2018,1,Janeiro,1,26,Sexta-feira
403,2018-01-27,2018,1,Janeiro,1,27,Sábado
404,2018-01-28,2018,1,Janeiro,1,28,Domingo
405,2018-01-29,2018,1,Janeiro,1,29,Segunda-feira
406,2018-01-30,2018,1,Janeiro,1,30,Terça-feira
407,2018-01-31,2018,1,Janeiro,1,31,Quarta-feira
408,2018-02-01,2018,2,Fevereiro,1,1,Quinta-feira
409,2018-02-02,2018,2,Fevereiro,1,2,Sexta-feira
410,2018-02-03,2018,2,Fevereiro,1,3,Sábado
411,2018-02-04,2018,2,Fevereiro,1,4,Domingo
412,2018-02-05,2018,2,Fevereiro,1,5,Segunda-feira
413,2018-02-06,2018,2,Fevereiro,1,6,Terça-feira
414,2018-02-07,2018,2,Fevereiro,1,7,Quarta-feira
415,2018-02-08,2018,2,Fevereiro,1,8,Quinta-feira
416,2018-02-09,2018,2,Fevereiro,1,9,Sexta-feira
417,2018-02-10,2018,2,Fevereiro,1,10,Sábado
418,2018-02-11,2018,2,Fevereiro,1,11,Domingo
419,2018-02-12,2018,2,Fevereiro,1,12,Segunda-feira
420,2018-02-13,2018,2,Fevereiro,1,13,Terça-feira
421,2018-02-14,2018,2,Fevereiro,1,14,Quarta-feira
422,2018-02-15,2018,2,Fevereiro,1,15,Quinta-feira
423,2018-02-16,2018,2,Fevereiro,1,16,Sexta-feira
424,2018-02-17,2018,2,Fevereiro,1,17,Sábado
425,2018-02-18,2018,2,Fevereiro,1,18,Domingo
426,2018-02-19,2018,2,Fevereiro,1,19,Segunda-feira
427,2018-02-20,2018,2,Fevereiro,1,20,Terça-feira
428,2018-02-21,2018,2,Fevereiro,1,21,Quarta-feira
429,2018-02-22,2018,2,Fevereiro,1,22,Quinta-feira
430,2018-02-23,2018,2,Fevereiro,1,23,Sexta-feira
431,2018-02-24,2018,2,Fevereiro,1,24,Sábado
432,2018-02-25,2018,2,Fevereiro,1,25,Domingo
433,2018-02-26,2018,2,Fevereiro,1,26,Segunda-feira
434,2018-02-27,2018,2,Fevereiro,1,27,Terça-feira
435,2018-02-28,2018,2,Fevereiro,1,28,Quarta-feira
436,2018-03-01,2018,3,Março,1,1,Quinta-feira
437,2018-03-02,2018,3,Março,1,2,Sexta-feira
438,2018-03-03,2018,3,Março,1,3,Sábado
439,2018-03-04,2018,3,Março,1,4,Domingo
440,2018-03-05,2018,3,Março,1,5,Segunda-feira
441,2018-03-06,2018,3,Março,1,6,Terça-feira
442,2018-03-07,2018,3,Março,1,7,Quarta-feira
443,2018-03-08,2018,3,Março,1,8,Quinta-feira
444,2018-03-09,2018,3,Março,1,9,Sexta-feira
445,2018-03-10,2018,3,Março,1,10,Sábado
446,2018-03-11,2018,3,Março,1,11,Domingo
447,2018-03-12,2018,3,Março,1,12,Segunda-feira
448,2018-03-13,2018,3,Março,1,13,Terça-feira
449,2018-03-14,2018,3,Março,1,14,Quarta-feira
450,2018-03-15,2018,3,Março,1,15,Quinta-feira
451,2018-03-16,2018,3,Março,1,16,Sexta-feira
452,2018-03-17,2018,3,Março,1,17,Sábado
453,2018-03-18,2018,3,Março,1,18,Domingo
454,2018-03-19,2018,3,Março,1,19,Segunda-feira
455,2018-03-20,2018,3,Março,1,20,Terça-feira
456,2018-03-21,2018,3,Março,1,21,Quarta-feira
457,2018-03-22,2018,3,Março,1,22,Quinta-feira
458,2018-03-23,2018,3,Março,1,23,Sexta-feira
459,2018-03-24,2018,3,Março,1,24,Sábado
460,2018-03-25,2018,3,Março,1,25,Domingo
461,2018-03-26,2018,3,Março,1,26,Segunda-feira
462,2018-03-27,2018,3,Março,1,27,Terça-feira
463,2018-03-28,2018,3,Março,1,28,Quarta-feira
464,2018-03-29,2018,3,Março,1,29,Quinta-feira
465,2018-03-30,2018,3,Março,1,30,Sexta-feira
466,2018-03-31,2018,3,Março,1,31,Sábado
467,2018-04-01,2018,4,Abril,2,1,Domingo
468,2018-04-02,2018,4,Abril,2,2,Segunda-feira
469,2018-04-03,2018,4,Abril,2,3,Terça-feira
470,2018-04-04,2018,4,Abril,2,4,Quarta-feira
471,2018-04-05,2018,4,Abril,2,5,Quinta-feira
472,2018-04-06,2018,4,Abril,2,6,Sexta-feira
473,2018-04-07,2018,4,Abril,2,7,Sábado
474,2018-04-08,2018,4,Abril,2,8,Domingo
475,2018-04-09,2018,4,Abril,2,9,Segunda-feira
476,2018-04-10,2018,4,Abril,2,10,Terça-feira
477,2018-04-11,2018,4,Abril,2,11,Quarta-feira
478,2018-04-12,2018,4,Abril,2,12,Quinta-feira
479,2018-04-13,2018,4,Abril,2,13,Sexta-feira
480,2018-04-14,2018,4,Abril,2,14,Sábado
481,2018-04-15,2018,4,Abril,2,15,Domingo
482,2018-04-16,2018,4,Abril,2,16,Segunda-feira
483,2018-04-17,2018,4,Abril,2,17,Terça-feira
484,2018-04-18,2018,4,Abril,2,18,Quarta-feira
485,2018-04-19,2018,4,Abril,2,19,Quinta-feira
486,2018-04-20,2018,4,Abril,2,20,Sexta-feira
487,2018-04-21,2018,4,Abril,2,21,Sábado
488,2018-04-22,2018,4,Abril,2,22,Domingo
489,2018-04-23,2018,4,Abril,2,23,Segunda-feira
490,2018-04-24,2018,4,Abril,2,24,Terça-feira
491,2018-04-25,2018,4,Abril,2,25,Quarta-feira
492,2018-04-26,2018,4,Abril,2,26,Quinta-feira
493,2018-04-27,2018,4,Abril,2,27,Sexta-feira
494,2018-04-28,2018,4,Abril,2,28,Sábado
495,2018-04-29,2018,4,Abril,2,29,Domingo
496,2018-04-30,2018,4,Abril,2,30,Segunda-feira
497,2018-05-01,2018,5,Maio,2,1,Terça-feira
498,2018-05-02,2018,5,Maio,2,2,Quarta-feira
499,2018-05-03,2018,5,Maio,2,3,Quinta-feira
500,2018-05-04,2018,5,Maio,2,4,Sexta-feira
501,2018-05-05,2018,5,Maio,2,5,Sábado
502,2018-05-06,2018,5,Maio,2,6,Domingo
503,2018-05-07,2018,5,Maio,2,7,Segunda-feira
504,2018-05-08,2018,5,Maio,2,8,Terça-feira
505,2018-05-09,2018,5,Maio,2,9,Quarta-feira
506,2018-05-10,2018,5,Maio,2,10,Quinta-feira
507,2018-05-11,2018,5,Maio,2,11,Sexta-feira
508,2018-05-12,2018,5,Maio,2,12,Sábado
509,2018-05-13,2018,5,Maio,2,13,Domingo
510,2018-05-14,2018,5,Maio,2,14,Segunda-feira
511,2018-05-15,2018,5,Maio,2,15,Terça-feira
512,2018-05-16,2018,5,Maio,2,16,Quarta-feira
513,2018-05-17,2018,5,Maio,2,17,Quinta-feira
514,2018-05-18,2018,5,Maio,2,18,Sexta-feira
515,2018-05-19,2018,5,Maio,2,19,Sábado
516,2018-05-20,2018,5,Maio,2,20,Domingo
517,2018-05-21,2018,5,Maio,2,21,Segunda-feira
518,2018-05-22,2018,5,Maio,2,22,Terça-feira
519,2018-05-23,2018,5,Maio,2,23,Quarta-feira
520,2018-05-24,2018,5,Maio,2,24,Quinta-feira
521,2018-05-25,2018,5,Maio,2,25,Sexta-feira
522,2018-05-26,2018,5,Maio,2,26,Sábado
523,2018-05-27,2018,5,Maio,2,27,Domingo
524,2018-05-28,2018,5,Maio,2,28,Segunda-feira
525,2018-05-29,2018,5,Maio,2,29,Terça-feira
526,2018-05-30,2018,5,Maio,2,30,Quarta-feira
527,2018-05-31,2018,5,Maio,2,31,Quinta-feira
528,2018-06-01,2018,6,Junho,2,1,Sexta-feira
529,2018-06-02,2018,6,Junho,2,2,Sábado
530,2018-06-03,2018,6,Junho,2,3,Domingo
531,2018-06-04,2018,6,Junho,2,4,Segunda-feira
532,2018-06-05,2018,6,Junho,2,5,Terça-feira
533,2018-06-06,2018,6,Junho,2,6,Quarta-feira
534,2018-06-07,2018,6,Junho,2,7,Quinta-feira
535,2018-06-08,2018,6,Junho,2,8,Sexta-feira
536,2018-06-09,2018,6,Junho,2,9,Sábado
537,2018-06-10,2018,6,Junho,2,10,Domingo
538,2018-06-11,2018,6,Junho,2,11,Segunda-feira
539,2018-06-12,2018,6,Junho,2,12,Terça-feira
540,2018-06-13,2018,6,Junho,2,13,Quarta-feira
541,2018-06-14,2018,6,Junho,2,14,Quinta-feira
542,2018-06-15,2018,6,Junho,2,15,Sexta-feira
543,2018-06-16,2018,6,Junho,2,16,Sábado
544,2018-06-17,2018,6,Junho,2,17,Domingo
545,2018-06-18,2018,6,Junho,2,18,Segunda-feira
546,2018-06-19,2018,6,Junho,2,19,Terça-feira
547,2018-06-20,2018,6,Junho,2,20,Quarta-feira
548,2018-06-21,2018,6,Junho,2,21,Quinta-feira
549,2018-06-22,2018,6,Junho,2,22,Sexta-feira
550,2018-06-23,2018,6,Junho,2,23,Sábado
551,2018-06-24,2018,6,Junho,2,24,Domingo
552,2018-06-25,2018,6,Junho,2,25,Segunda-feira
553,2018-06-26,2018,6,Junho,2,26,Terça-feira
554,2018-06-27,2018,6,Junho,2,27,Quarta-feira
555,2018-06-28,2018,6,Junho,2,28,Quinta-feira
556,2018-06-29,2018,6,Junho,2,29,Sexta-feira
557,2018-06-30,2018,6,Junho,2,30,Sábado
558,2018-07-01,2018,7,Julho,3,1,Domingo
559,2018-07-02,2018,7,Julho,3,2,Segunda-feira
560,2018-07-03,2018,7,Julho,3,3,Terça-feira
561,2018-07-04,2018,7,Julho,3,4,Quarta-feira
562,2018-07-05,2018,7,Julho,3,5,Quinta-feira
563,2018-07-06,2018,7,Julho,3,6,Sexta-feira
564,2018-07-07,2018,7,Julho,3,7,Sábado
565,2018-07-08,2018,7,Julho,3,8,Domingo
566,2018-07-09,2018,7,Julho,3,9,Segunda-feira
567,2018-07-10,2018,7,Julho,3,10,Terça-feira
568,2018-07-11,2018,7,Julho,3,11,Quarta-feira
569,2018-07-12,2018,7,Julho,3,12,Quinta-feira
570,2018-07-13,2018,7,Julho,3,13,Sexta-feira
571,2018-07-14,2018,7,Julho,3,14,Sábado
572,2018-07-15,2018,7,Julho,3,15,Domingo
573,2018-07-16,2018,7,Julho,3,16,Segunda-feira
574,2018-07-17,2018,7,Julho,3,17,Terça-feira
575,2018-07-18,2018,7,Julho,3,18,Quarta-feira
576,2018-07-19,2018,7,Julho,3,19,Quinta-feira
577,2018-07-20,2018,7,Julho,3,20,Sexta-feira
578,2018-07-21,2018,7,Julho,3,21,Sábado
579,2018-07-22,2018,7,Julho,3,22,Domingo
580,2018-07-23,2018,7,Julho,3,23,Segunda-feira
581,2018-07-24,2018,7,Julho,3,24,Terça-feira
582,2018-07-25,2018,7,Julho,3,25,Quarta-feira
583,2018-07-26,2018,7,Julho,3,26,Quinta-feira
584,2018-07-27,2018,7,Julho,3,27,Sexta-feira
585,2018-07-28,2018,7,Julho,3,28,Sábado
586,2018-07-29,2018,7,Julho,3,29,Domingo
587,2018-07-30,2018,7,Julho,3,30,Segunda-feira
588,2018-07-31,2018,7,Julho,3,31,Terça-feira
589,2018-08-01,2018,8,Agosto,3,1,Quarta-feira
590,2018-08-02,2018,8,Agosto,3,2,Quinta-feira
591,2018-08-03,2018,8,Agosto,3,3,Sexta-feira
592,2018-08-04,2018,8,Agosto,3,4,Sábado
593,2018-08-05,2018,8,Agosto,3,5,Domingo
594,2018-08-06,2018,8,Agosto,3,6,Segunda-feira
595,2018-08-07,2018,8,Agosto,3,7,Terça-feira
596,2018-08-08,2018,8,Agosto,3,8,Quarta-feira
597,2018-08-09,2018,8,Agosto,3,9,Quinta-feira
598,2018-08-10,2018,8,Agosto,3,10,Sexta-feira
599,2018-08-11,2018,8,Agosto,3,11,Sábado
600,2018-08-12,2018,8,Agosto,3,12,Domingo
601,2018-08-13,2018,8,Agosto,3,13,Segunda-feira
602,2018-08-14,2018,8,Agosto,3,14,Terça-feira
603,2018-08-15,2018,8,Agosto,3,15,Quarta-feira
604,2018-08-16,2018,8,Agosto,3,16,Quinta-feira
605,2018-08-17,2018,8,Agosto,3,17,Sexta-feira
606,2018-08-18,2018,8,Agosto,3,18,Sábado
607,2018-08-19,2018,8,Agosto,3,19,Domingo
608,2018-08-20,2018,8,Agosto,3,20,Segunda-feira
609,2018-08-21,2018,8,Agosto,3,21,Terça-feira
610,2018-08-22,2018,8,Agosto,3,22,Quarta-feira
611,2018-08-23,2018,8,Agosto,3,23,Quinta-feira
612,2018-08-24,2018,8,Agosto,3,24,Sexta-feira
613,2018-08-25,2018,8,Agosto,3,25,Sábado
614,2018-08-26,2018,8,Agosto,3,26,Domingo
615,2018-08-27,2018,8,Agosto,3,27,Segunda-feira
616,2018-08-28,2018,8,Agosto,3,28,Terça-feira
617,2018-08-29,2018,8,Agosto,3,29,Quarta-feira
618,2018-08-30,2018,8,Agosto,3,30,Quinta-feira
619,2018-08-31,2018,8,Agosto,3,31,Sexta-feira
620,2018-09-03,2018,9,Setembro,3,3,Segunda-feira
621,2018-09-06,2018,9,Setembro,3,6,Quinta-feira
622,2018-09-10,2018,9,Setembro,3,10,Segunda-feira
623,2018-09-11,2018,9,Setembro,3,11,Terça-feira
624,2018-09-12,2018,9,Setembro,3,12,Quarta-feira
625,2018-09-13,2018,9,Setembro,3,13,Quinta-feira
626,2018-09-17,2018,9,Setembro,3,17,Segunda-feira
627,2018-09-20,2018,9,Setembro,3,20,Quinta-feira
628,2018-09-25,2018,9,Setembro,3,25,Terça-feira
629,2018-09-26,2018,9,Setembro,3,26,Quarta-feira
630,2018-09-29,2018,9,Setembro,3,29,Sábado
631,2018-10-01,2018,10,Outubro,4,1,Segunda-feira
632,2018-10-03,2018,10,Outubro,4,3,Quarta-feira
633,2018-10-16,2018,10,Outubro,4,16,Terça-feira
634,2018-10-17,2018,10,Outubro,4,17,Quarta-feira
